<?xml version="1.0" encoding="UTF-8"?>
<office:document-content xmlns:office="urn:oasis:names:tc:opendocument:xmlns:office:1.0" xmlns:ooo="http://openoffice.org/2004/office" xmlns:fo="urn:oasis:names:tc:opendocument:xmlns:xsl-fo-compatible:1.0" xmlns:xlink="http://www.w3.org/1999/xlink" xmlns:dc="http://purl.org/dc/elements/1.1/" xmlns:meta="urn:oasis:names:tc:opendocument:xmlns:meta:1.0" xmlns:style="urn:oasis:names:tc:opendocument:xmlns:style:1.0" xmlns:text="urn:oasis:names:tc:opendocument:xmlns:text:1.0" xmlns:rpt="http://openoffice.org/2005/report" xmlns:draw="urn:oasis:names:tc:opendocument:xmlns:drawing:1.0" xmlns:dr3d="urn:oasis:names:tc:opendocument:xmlns:dr3d:1.0" xmlns:svg="urn:oasis:names:tc:opendocument:xmlns:svg-compatible:1.0" xmlns:chart="urn:oasis:names:tc:opendocument:xmlns:chart:1.0" xmlns:table="urn:oasis:names:tc:opendocument:xmlns:table:1.0" xmlns:number="urn:oasis:names:tc:opendocument:xmlns:datastyle:1.0" xmlns:ooow="http://openoffice.org/2004/writer" xmlns:oooc="http://openoffice.org/2004/calc" xmlns:of="urn:oasis:names:tc:opendocument:xmlns:of:1.2" xmlns:xforms="http://www.w3.org/2002/xforms" xmlns:tableooo="http://openoffice.org/2009/table" xmlns:calcext="urn:org:documentfoundation:names:experimental:calc:xmlns:calcext:1.0" xmlns:drawooo="http://openoffice.org/2010/draw" xmlns:xhtml="http://www.w3.org/1999/xhtml" xmlns:loext="urn:org:documentfoundation:names:experimental:office:xmlns:loext:1.0" xmlns:field="urn:openoffice:names:experimental:ooo-ms-interop:xmlns:field:1.0" xmlns:math="http://www.w3.org/1998/Math/MathML" xmlns:form="urn:oasis:names:tc:opendocument:xmlns:form:1.0" xmlns:script="urn:oasis:names:tc:opendocument:xmlns:script:1.0" xmlns:formx="urn:openoffice:names:experimental:ooxml-odf-interop:xmlns:form:1.0" xmlns:dom="http://www.w3.org/2001/xml-events" xmlns:xsd="http://www.w3.org/2001/XMLSchema" xmlns:xsi="http://www.w3.org/2001/XMLSchema-instance" xmlns:grddl="http://www.w3.org/2003/g/data-view#" xmlns:css3t="http://www.w3.org/TR/css3-text/" xmlns:officeooo="http://openoffice.org/2009/office" office:version="1.4"><office:scripts/><office:font-face-decls><style:font-face style:name="Arial" svg:font-family="Arial" style:font-family-generic="swiss"/><style:font-face style:name="Arial1" svg:font-family="Arial" style:font-family-generic="system" style:font-pitch="variable"/><style:font-face style:name="Liberation Sans" svg:font-family="&apos;Liberation Sans&apos;" style:font-family-generic="swiss" style:font-pitch="variable"/><style:font-face style:name="Liberation Serif" svg:font-family="&apos;Liberation Serif&apos;" style:font-family-generic="roman" style:font-pitch="variable"/><style:font-face style:name="Microsoft YaHei" svg:font-family="&apos;Microsoft YaHei&apos;" style:font-family-generic="system" style:font-pitch="variable"/><style:font-face style:name="Tahoma" svg:font-family="Tahoma" style:font-family-generic="system" style:font-pitch="variable"/></office:font-face-decls><office:automatic-styles/><office:body><office:text><text:sequence-decls><text:sequence-decl text:display-outline-level="0" text:name="Illustration"/><text:sequence-decl text:display-outline-level="0" text:name="Table"/><text:sequence-decl text:display-outline-level="0" text:name="Text"/><text:sequence-decl text:display-outline-level="0" text:name="Drawing"/><text:sequence-decl text:display-outline-level="0" text:name="Figure"/></text:sequence-decls><text:p text:style-name="Standard">#nome zcmb zhel dz mb dmb x1 dx1 cor dcolor 3rdvar d3rdvar cov_m_s cov_m_c cov_s_c set ra dec biascor</text:p><text:p text:style-name="Standard">03D1au 0.50309 0.50309 0.0 22.93445 0.12605 0 0 0 0 0 0 0 0 0 0 0 0</text:p><text:p text:style-name="Standard">03D1ax 0.4948 0.4948 0.0 22.8802 0.11765 0 0 0 0 0 0 0 0 0 0 0 0</text:p><text:p text:style-name="Standard">03D1co 0.67767 0.67767 0.0 24.0377 0.2056 0 0 0 0 0 0 0 0 0 0 0 0</text:p><text:p text:style-name="Standard">03D1ew 0.8665 0.8665 0.0 24.34685 0.17385 0 0 0 0 0 0 0 0 0 0 0 0</text:p><text:p text:style-name="Standard">03D1fq 0.79857 0.79857 0.0 24.3605 0.17435 0 0 0 0 0 0 0 0 0 0 0 0</text:p><text:p text:style-name="Standard">03D3ay 0.37144 0.37144 0.0 22.28785 0.1245 0 0 0 0 0 0 0 0 0 0 0 0</text:p><text:p text:style-name="Standard">03D3bl 0.35582 0.35582 0.0 22.05915 0.12645 0 0 0 0 0 0 0 0 0 0 0 0</text:p><text:p text:style-name="Standard">03D4ag 0.2836 0.2836 0.0 21.40915 0.1028 0 0 0 0 0 0 0 0 0 0 0 0</text:p><text:p text:style-name="Standard">03D4au 0.4664 0.4664 0.0 23.21635 0.1587 0 0 0 0 0 0 0 0 0 0 0 0</text:p><text:p text:style-name="Standard">03D4cx 0.94688 0.94688 0.0 24.41155 0.1642 0 0 0 0 0 0 0 0 0 0 0 0</text:p><text:p text:style-name="Standard">03D4cz 0.69315 0.69315 0.0 23.79645 0.24445 0 0 0 0 0 0 0 0 0 0 0 0</text:p><text:p text:style-name="Standard">03D4di 0.89693 0.89693 0.0 24.40275 0.16645 0 0 0 0 0 0 0 0 0 0 0 0</text:p><text:p text:style-name="Standard">03D4fd 0.78904 0.78904 0.0 24.2188 0.11585 0 0 0 0 0 0 0 0 0 0 0 0</text:p><text:p text:style-name="Standard">03D4gg 0.59027 0.59027 0.0 23.3354 0.1666 0 0 0 0 0 0 0 0 0 0 0 0</text:p><text:p text:style-name="Standard">04D1dc 0.21075 0.21075 0.0 20.64495 0.10525 0 0 0 0 0 0 0 0 0 0 0 0</text:p><text:p text:style-name="Standard">04D1ff 0.85852 0.85852 0.0 24.1237 0.1478 0 0 0 0 0 0 0 0 0 0 0 0</text:p><text:p text:style-name="Standard">04D1hx 0.55875 0.55875 0.0 23.1648 0.1335 0 0 0 0 0 0 0 0 0 0 0 0</text:p><text:p text:style-name="Standard">04D1iv 0.9964 0.9964 0.0 24.69965 0.1408 0 0 0 0 0 0 0 0 0 0 0 0</text:p><text:p text:style-name="Standard">04D1jg 0.58294 0.58294 0.0 23.34385 0.1258 0 0 0 0 0 0 0 0 0 0 0 0</text:p><text:p text:style-name="Standard">04D1ks 0.79656 0.79656 0.0 23.85445 0.1588 0 0 0 0 0 0 0 0 0 0 0 0</text:p><text:p text:style-name="Standard">04D1ow 0.91348 0.91348 0.0 24.37895 0.13735 0 0 0 0 0 0 0 0 0 0 0 0</text:p><text:p text:style-name="Standard">04D1pd 0.94846 0.94846 0.0 24.66675 0.15105 0 0 0 0 0 0 0 0 0 0 0 0</text:p><text:p text:style-name="Standard">04D1pp 0.73362 0.73362 0.0 23.8481 0.15575 0 0 0 0 0 0 0 0 0 0 0 0</text:p><text:p text:style-name="Standard">04D1qd 0.7656 0.7656 0.0 24.10805 0.1549 0 0 0 0 0 0 0 0 0 0 0 0</text:p><text:p text:style-name="Standard">04D1rx 0.98341 0.98341 0.0 24.828 0.153 0 0 0 0 0 0 0 0 0 0 0 0</text:p><text:p text:style-name="Standard">04D1si 0.70064 0.70064 0.0 23.7492 0.1738 0 0 0 0 0 0 0 0 0 0 0 0</text:p><text:p text:style-name="Standard">04D2al 0.83814 0.83814 0.0 24.1545 0.1807 0 0 0 0 0 0 0 0 0 0 0 0</text:p><text:p text:style-name="Standard">04D2cf 0.3706 0.3706 0.0 22.1401 0.1211 0 0 0 0 0 0 0 0 0 0 0 0</text:p><text:p text:style-name="Standard">04D2fs 0.35858 0.35858 0.0 21.95965 0.1186 0 0 0 0 0 0 0 0 0 0 0 0</text:p><text:p text:style-name="Standard">04D2gc 0.52278 0.52278 0.0 23.15915 0.14165 0 0 0 0 0 0 0 0 0 0 0 0</text:p><text:p text:style-name="Standard">04D2iu 0.70198 0.70198 0.0 23.7115 0.26255 0 0 0 0 0 0 0 0 0 0 0 0</text:p><text:p text:style-name="Standard">04D2kr 0.74613 0.74613 0.0 23.8056 0.16465 0 0 0 0 0 0 0 0 0 0 0 0</text:p><text:p text:style-name="Standard">04D2mh 0.59185 0.59185 0.0 23.2429 0.12625 0 0 0 0 0 0 0 0 0 0 0 0</text:p><text:p text:style-name="Standard">04D3co 0.62063 0.62063 0.0 23.5114 0.1131 0 0 0 0 0 0 0 0 0 0 0 0</text:p><text:p text:style-name="Standard">04D3dd 1.00279 1.00279 0.0 25.0798 0.19135 0 0 0 0 0 0 0 0 0 0 0 0</text:p><text:p text:style-name="Standard">04D3do 0.61064 0.61064 0.0 23.47615 0.1329 0 0 0 0 0 0 0 0 0 0 0 0</text:p><text:p text:style-name="Standard">04D3fk 0.35833 0.35833 0.0 21.9694 0.11425 0 0 0 0 0 0 0 0 0 0 0 0</text:p><text:p text:style-name="Standard">04D3gt 0.45155 0.45155 0.0 22.4159 0.12515 0 0 0 0 0 0 0 0 0 0 0 0</text:p><text:p text:style-name="Standard">04D3hn 0.5526 0.5526 0.0 22.98515 0.13425 0 0 0 0 0 0 0 0 0 0 0 0</text:p><text:p text:style-name="Standard">04D3ks 0.75068 0.75068 0.0 23.763 0.19155 0 0 0 0 0 0 0 0 0 0 0 0</text:p><text:p text:style-name="Standard">04D3lu 0.82269 0.82269 0.0 24.3356 0.14625 0 0 0 0 0 0 0 0 0 0 0 0</text:p><text:p text:style-name="Standard">04D3ml 0.95076 0.95076 0.0 24.68515 0.14485 0 0 0 0 0 0 0 0 0 0 0 0</text:p><text:p text:style-name="Standard">04D3nh 0.34052 0.34052 0.0 21.9463 0.10555 0 0 0 0 0 0 0 0 0 0 0 0</text:p><text:p text:style-name="Standard">04D3ny 0.81072 0.81072 0.0 24.0795 0.17055 0 0 0 0 0 0 0 0 0 0 0 0</text:p><text:p text:style-name="Standard">04D4an 0.61124 0.61124 0.0 23.7392 0.1593 0 0 0 0 0 0 0 0 0 0 0 0</text:p><text:p text:style-name="Standard">04D4bq 0.54831 0.54831 0.0 22.8926 0.1438 0 0 0 0 0 0 0 0 0 0 0 0</text:p><text:p text:style-name="Standard">04D4dw 1.02879 1.02879 0.0 24.7289 0.16015 0 0 0 0 0 0 0 0 0 0 0 0</text:p><text:p text:style-name="Standard">04D4gg 0.42244 0.42244 0.0 22.35675 0.1192 0 0 0 0 0 0 0 0 0 0 0 0</text:p></office:text></office:body></office:document-content>