<?xml version="1.0" encoding="UTF-8"?>
<office:document-meta xmlns:office="urn:oasis:names:tc:opendocument:xmlns:office:1.0" xmlns:ooo="http://openoffice.org/2004/office" xmlns:xlink="http://www.w3.org/1999/xlink" xmlns:dc="http://purl.org/dc/elements/1.1/" xmlns:meta="urn:oasis:names:tc:opendocument:xmlns:meta:1.0" xmlns:grddl="http://www.w3.org/2003/g/data-view#" office:version="1.4"><office:meta><meta:creation-date>2025-12-12T21:00:02.803721300</meta:creation-date><dc:date>2025-12-12T21:02:25.568681300</dc:date><meta:editing-duration>PT2M24S</meta:editing-duration><meta:editing-cycles>1</meta:editing-cycles><meta:document-statistic meta:table-count="0" meta:image-count="0" meta:object-count="0" meta:page-count="1" meta:paragraph-count="49" meta:word-count="883" meta:character-count="3250" meta:non-whitespace-character-count="2416"/><meta:generator>LibreOffice/25.8.3.2$Windows_X86_64 LibreOffice_project/8ca8d55c161d602844f5428fa4b58097424e324e</meta:generator></office:meta></office:document-meta>